"uFastC","uSlowC","uNecroC","pFastC","pSlowC","pNecroC","livingMicrobeC","uFastN","uSlowN","uNecroN","pFastN","pSlowN","pNecroN","inorganicNH4","CO2","livingMicrobeN","inorganicNO3","NMicrobeC","NMicrobeN","temp","temp2","temp3"
0.0145947116938113,2.38905854808105,0.00860475890047933,0.379690016542145,0.117967634700511,1.69479842964651,0.00899116743921528,0.000295616441070037,0.0804671196705816,0.000739092295897843,0.00800732457420918,0.00399747147840819,0.145571939456068,0.000458265224182249,1546.63270441328,0.00128445249131647,0.000321929575068609,1.25879265233342e-05,1.79827521761918e-06,0.697748269931404,0,0
