"uFastC","uSlowC","uNecroC","pFastC","pSlowC","pNecroC","livingMicrobeC","uFastN","uSlowN","uNecroN","pFastN","pSlowN","pNecroN","inorganicNH4","CO2","livingMicrobeN","inorganicNO3","NMicrobeC","NMicrobeN","temp","temp2","temp3"
0.0151519354250885,2.38804898061726,0.00863533723454886,0.379944497900516,0.117967133318736,1.69484474894255,0.00923553134741084,0.000293232112645684,0.0804558473951002,0.000741707461564695,0.00800667908186096,0.00399746550499866,0.145575899160575,0.000454857121365483,1418.14013926119,0.00131936162105869,0.000321929575068609,1.25840977168569e-05,1.79772824526529e-06,0.697748269931404,0,0
